{
  "Layers": [
    {
      "Files": [
        "Sounds/Items/Torch/Torch_On.ogg"
      ],
      "StartDelay": 0.05,
      "RandomSettings": {
        "MinPitch": -1.8240371213405997,
        "MaxPitch": 1.6500422849992202,
        "MinVolume": -0.9151498112135024
      },
      "Volume": 0
    }
  ],
  "Volume": -3.0980391997148637,
  "Parent": "SFX_Attn_Quiet"
}
